Piotr Piotr, 10, 0, 16/05/2020 01:42:19
Piotr Piotr, 10, 0, 28/05/2020 17:22:35
Jan Kowalksi, 12, 0, 28/05/2020 17:23:18
Jan Kowalksi, 12, 0, 28/05/2020 17:23:20
Jan Kowalksi, 12, 0, 28/05/2020 17:23:22
UNKNOWN CARD , 123, 0, 28/05/2020 17:23:23
Damian Damian, 13, 0, 28/05/2020 17:29:41
Damian Damian, 13, 0, 28/05/2020 17:29:44
Damian Damian, 13, 0, 28/05/2020 17:35:16
Jan Kowalski, 12, 0, 28/05/2020 17:35:19
Damian Damian, 13, 0, 28/05/2020 17:35:21
Damian Damian, 13, 0, 28/05/2020 17:35:23
Damian Damian, 13, 0, 28/05/2020 17:35:25
Damian Damian, 13, 0, 28/05/2020 17:35:26
Jan Kowalski, 12, 0, 28/05/2020 17:35:54
Jan Kowalski, 12, 0, 28/05/2020 17:35:56
Jan Kowalski, 12, 0, 28/05/2020 17:35:57
Jan Kowalski, 12, 0, 28/05/2020 17:35:58
Damian Damian, 13, 0, 28/05/2020 18:15:57
Jan Kowalski, 12, 0, 28/05/2020 18:28:36
UNKNOWN CARD , 12344532, 0, 28/05/2020 18:28:53
Jan Kowalski, 12, 0, 28/05/2020 21:01:58
UNKNOWN CARD , 123456543223435, 0, 28/05/2020 21:02:35
Damian Damian, 13, 0, 28/05/2020 21:03:56
Jan Kowalski, 12, 0, 28/05/2020 21:04:57
